group,Did not use social media before arrival,Used social media before arrival
Under $15000,76.4705882,23.5294118
Between $15000 and $29999,25,75
Between $30000 and $49999,26.6666667,73.3333333
Between $50000 and $74999,18.4210526,81.5789474
Between $75000 and $99999,25,75
Between $100000 and $150000,18.8679245,81.1320755
